config,depth,place,rep,ok,finish,error,prompt_n,cache_n,pp_tok_s,tg_tok_s,gen_n,total_s,draft_n,draft_accepted,rep_score,concurrent_server_models
g-a1,2048,start,0,True,stop,,2104,0,274.94534415865286,7.69715554992598,58,15.1,,,0.0,0
g-a1,2048,middle,0,True,stop,,1855,49,268.04638546312924,7.68253248436802,108,20.9,,,0.0,0
g-a1,2048,end,0,True,stop,,2041,49,275.0158292427929,7.68835531314715,89,18.9,,,0.0,0
g-a1,4096,start,0,True,stop,,4245,49,283.3907013135443,7.667134667040945,135,32.5,,,0.0,0
g-a1,4096,middle,0,True,stop,,3653,49,283.7033216587565,7.676220261464183,115,27.8,,,0.0,0
g-a1,4096,end,0,True,stop,,3557,49,284.967320889787,7.664271817030436,153,32.4,,,0.0,0
g-a1,6144,start,0,True,stop,,6238,49,291.8346052871467,7.682489805508025,68,30.1,,,0.0,0
g-a1,6144,middle,0,True,stop,,5406,49,288.47887108388335,7.670625359049713,123,34.7,,,0.0,0
g-a1,6144,end,0,True,stop,,6268,49,293.1534726713428,7.657101973097462,140,39.6,,,0.0,0
g-a1,8192,start,0,True,stop,,7929,49,294.2459279187654,7.656003108337263,117,42.1,,,0.0,0
g-a1,8192,start,1,True,stop,,1,7977,1.8464390499701802,7.66259154677819,114,15.3,,,0.0,0
g-a1,8192,middle,0,True,stop,,7491,49,292.6765345269816,7.659700500036598,82,36.2,,,0.0,0
g-a1,8192,middle,1,True,stop,,1,7539,1.855070743122789,7.672335255429285,110,14.8,,,0.0,0
g-a1,8192,end,0,True,stop,,7669,49,294.54082088438446,7.643406973530946,118,41.4,,,0.0,0
g-a1,8192,end,1,True,stop,,1,7717,1.8561174848123185,7.669967936639698,107,14.4,,,0.0,0
g-a1,16384,start,0,True,stop,,15645,49,290.5355927550061,7.644917513417454,93,66.0,,,0.0,0
g-a1,16384,middle,0,True,stop,,15756,49,290.4966070471977,7.62101224960161,189,79.0,,,0.0,0
g-a1,16384,end,0,True,stop,,15745,49,292.0491352591116,7.639624212543966,109,68.1,,,0.0,0
g-a1,32768,start,0,True,stop,,30935,49,279.9085320264674,7.568620479831862,155,131.0,,,0.0,0
g-a1,32768,start,1,True,stop,,1,30983,1.8676891642277758,7.567254351410883,301,40.3,,,0.0,0
g-a1,32768,middle,0,True,stop,,31468,49,279.46790227927175,7.579858824189747,122,128.7,,,0.0,0
g-a1,32768,middle,1,True,stop,,1,31516,1.7732760210523328,7.566063140358158,190,25.7,,,0.0,0
g-a1,32768,end,0,True,stop,,31473,49,279.7276759130056,7.5753120905959355,140,131.0,,,0.0,0
g-a1,32768,end,1,True,stop,,1,31521,1.7721918291323526,7.562807072410721,140,19.1,,,0.0,0
g-a1,65536,start,0,True,stop,,61859,49,256.7351984338883,7.461173309249316,108,255.5,,,0.0,0
g-a1,65536,middle,0,True,stop,,61442,49,257.3796542761471,7.439652325646542,3878,760.1,,,0.0,0
g-a1,65536,end,0,True,stop,,61422,49,257.1523775835238,7.45470984219249,181,263.2,,,0.0,0
g-a1,116000,start,0,True,stop,,106040,49,227.2207253346251,7.30092568988993,120,483.3,,,0.0,0
g-a1,116000,middle,0,True,stop,,106076,49,226.6464144362459,7.300636036848173,189,494.1,,,0.0,0
g-a1,116000,end,0,True,stop,,107246,49,226.20595265459167,7.296424000261481,99,487.9,,,0.0,0
g-combo1,2048,start,0,True,stop,,2104,0,276.51283668789137,29.274298869618825,202,14.5,357,151,0.0,0
g-combo1,2048,middle,0,True,stop,,1855,49,273.00159886219404,25.254238814183925,116,11.4,238,81,0.0,0
g-combo1,2048,end,0,True,stop,,2041,49,281.4092578544343,27.288271052527307,74,10.0,140,54,0.0,0
g-combo1,4096,start,0,True,stop,,4245,49,287.75300827298366,23.396648919244978,111,19.5,245,76,0.0,0
g-combo1,4096,middle,0,True,stop,,3653,49,290.5775015059837,31.453185793110663,111,16.1,182,84,0.0,0
g-combo1,4096,end,0,True,stop,,3557,49,291.36989723825246,30.50625880542699,83,14.9,140,62,0.0,0
g-combo1,6144,start,0,True,stop,,6238,49,297.0956353612579,25.943461784354238,71,23.7,140,51,0.0,0
g-combo1,6144,middle,0,True,stop,,5406,49,292.8843725437209,27.13938927002267,140,23.6,266,101,0.0,0
g-combo1,6144,end,0,True,stop,,6268,49,298.54414481010434,23.233104443343198,98,25.2,217,67,0.0,0
g-combo1,8192,start,0,True,stop,,7929,49,299.54196033571816,22.75637602715594,115,31.5,259,77,0.0,0
g-combo1,8192,start,1,True,stop,,1,7977,1.9749887425641675,24.24931062674075,106,4.9,224,73,0.0,0
g-combo1,8192,middle,0,True,stop,,7491,49,298.04354761978743,20.470110714055945,120,31.0,301,77,0.0,0
g-combo1,8192,middle,1,True,stop,,1,7539,1.9960199362471231,28.674754591891947,94,3.8,168,69,0.0,0
g-combo1,8192,end,0,True,stop,,7669,49,299.714901524759,27.126565392709114,126,30.2,238,92,0.0,0
g-combo1,8192,end,1,True,stop,,1,7717,1.9362358799998451,24.73738767544287,115,5.2,238,81,0.0,0
g-combo1,16384,start,0,True,stop,,15645,49,295.27085368097727,24.447214803476598,669,80.4,1386,471,0.0,0
g-combo1,16384,middle,0,True,stop,,15756,49,295.1422850497901,19.736652500011495,177,62.4,455,111,0.0,0
g-combo1,16384,end,0,True,stop,,15745,49,296.6904794145047,25.05601888432581,115,57.7,231,81,0.0,0
g-combo1,32768,start,0,True,stop,,30935,49,284.1272902384012,23.055152231143357,92,112.9,196,63,0.0,0
g-combo1,32768,start,1,True,stop,,1,30983,1.94248684936403,17.912027817013648,99,6.1,273,60,0.0,0
g-combo1,32768,middle,0,True,stop,,31468,49,283.72405694998565,18.034503811236654,110,117.1,301,67,0.0,0
g-combo1,32768,middle,1,True,stop,,1,31516,1.938762255400907,21.908001001129257,199,9.7,448,134,0.0,0
g-combo1,32768,end,0,True,stop,,31473,49,283.76895153823546,23.953671574920172,143,116.9,294,100,0.042,0
g-combo1,32768,end,1,True,stop,,1,31521,1.8958136642665668,22.52853532849815,208,9.9,455,142,0.0,0
g-combo1,65536,start,0,True,stop,,61859,49,259.2199545701514,16.63871827415302,144,247.4,406,85,0.04,0
g-combo1,65536,middle,0,True,stop,,61442,49,259.71150778047354,25.7817533273062,725,264.9,1316,537,0.0,0
g-combo1,65536,end,0,True,stop,,61422,49,259.5900140418748,26.992344464071476,182,243.5,315,136,0.0,0
g-combo1,116000,start,0,True,stop,,106040,49,225.9170886798522,23.22854407328064,134,475.5,252,97,0.0,0
g-combo1,116000,middle,0,True,stop,,106076,49,225.78318617201055,19.97422858261009,1072,523.8,2345,737,0.005,0
g-combo1,116000,end,0,True,stop,,107246,49,225.21236154839815,16.59135587137479,104,482.8,273,64,0.0,0
g-df7,2048,start,0,True,stop,,2104,0,263.08629230387567,21.166719541962152,171,16.0,343,121,0.0,0
g-df7,2048,middle,0,True,stop,,1855,49,256.62546778810844,21.526605346593723,113,12.5,224,80,0.0,0
g-df7,2048,end,0,True,stop,,2041,49,265.47928962372697,27.855749441345615,96,11.1,147,74,0.0,0
g-df7,4096,start,0,True,stop,,4245,49,271.4397085408936,17.22733369940666,192,26.8,469,125,0.0,0
g-df7,4096,middle,0,True,stop,,3653,49,271.99967714464816,26.360829607455102,83,16.6,133,63,0.0,0
g-df7,4096,end,0,True,stop,,3557,49,273.2947888054398,27.18841541332654,90,16.3,140,69,0.0,0
g-df7,6144,start,0,True,stop,,6238,49,279.44854829435815,19.449951794454336,110,28.0,238,76,0.0,0
g-df7,6144,middle,0,True,stop,,5406,49,275.85076565426306,23.6691893554,114,24.4,203,84,0.0,0
g-df7,6144,end,0,True,stop,,6268,49,280.79841903501483,22.388194211892873,119,27.6,224,86,0.0,0
g-df7,8192,start,0,True,stop,,7929,49,282.9270088995156,19.338245247626233,61,31.2,133,42,0.0,0
g-df7,8192,start,1,True,stop,,1,7977,1.8208302986161689,19.04972290702349,214,11.8,476,145,0.0,0
g-df7,8192,middle,0,True,stop,,7491,49,281.1509511504445,24.86808769801508,107,31.0,182,80,0.0,0
g-df7,8192,middle,1,True,stop,,1,7539,1.8529739305097717,26.750875179200463,89,3.9,140,68,0.0,0
g-df7,8192,end,0,True,stop,,7669,49,282.68387122457705,22.35785056221636,108,32.0,203,79,0.0,0
g-df7,8192,end,1,True,stop,,1,7717,1.8340480007042745,23.565898418378225,102,4.9,182,75,0.0,0
g-df7,16384,start,0,True,stop,,15645,49,278.95904217964136,16.675890377306256,124,63.5,308,80,0.0,0
g-df7,16384,middle,0,True,stop,,15756,49,277.4382629871385,19.469643991747777,135,63.8,287,93,0.0,0
g-df7,16384,end,0,True,stop,,15745,49,279.9758465041713,20.04603448247455,220,67.2,455,154,0.0,0
g-df7,32768,start,0,True,stop,,30935,49,269.63996348934563,21.17208672086721,102,119.6,196,74,0.0,0
g-df7,32768,start,1,True,stop,,1,30983,1.7921403891095213,15.085561368719542,70,5.3,189,43,0.0,0
g-df7,32768,middle,0,True,stop,,31468,49,269.3215419087916,17.14254110518588,138,125.0,329,90,0.0,0
g-df7,32768,middle,1,True,stop,,1,31516,1.8106986943051715,18.617506805100554,140,8.1,308,95,0.0,0
g-df7,32768,end,0,True,stop,,31473,49,268.61052392357664,21.275384319555464,106,122.2,203,77,0.0,0
g-df7,32768,end,1,True,stop,,1,31521,1.8045297305295755,19.00374417955091,130,7.5,280,89,0.0,0
g-df7,65536,start,0,True,stop,,61859,49,247.30794394662442,16.358169306218784,158,259.9,378,103,0.0,0
g-df7,65536,middle,0,True,stop,,61442,49,247.4254456577579,17.969062058267287,835,295.0,1827,573,0.029,0
g-df7,65536,end,0,True,stop,,61422,49,247.99714105995182,20.11243660875417,747,285.0,1463,538,0.006,0
g-df7,116000,start,0,True,stop,,106076,49,226.2042046707739,17.269371856203367,71,473.3,154,48,0.0,0
g-df7,116000,middle,0,True,stop,,106186,49,226.05531589716776,12.834955769279368,194,485.1,567,113,0.0,0
g-df7,116000,end,0,True,stop,,106053,49,226.1714567910759,15.504171401646385,180,480.8,434,117,0.091,0
g-q5,2048,start,0,True,stop,,2104,0,264.5658994171754,11.521065523165568,202,25.4,,,0.0,0
g-q5,2048,middle,0,True,stop,,1855,49,260.0999400718521,11.544634813254246,134,18.7,,,0.0,0
g-q5,2048,end,0,True,stop,,2041,49,267.58576674466116,11.53740058169476,67,13.4,,,0.0,0
g-q5,4096,start,0,True,stop,,4245,49,263.74974976392997,11.487579384352374,123,26.7,,,0.0,0
g-q5,4096,middle,0,True,stop,,3653,49,267.75353247022827,11.504679500994936,106,22.8,,,0.0,0
g-q5,4096,end,0,True,stop,,3557,49,268.1797725802355,11.506524716661525,90,21.0,,,0.0,0
g-q5,6144,start,0,True,stop,,6238,49,267.5367142459998,11.475939060644953,131,34.7,,,0.0,0
g-q5,6144,middle,0,True,stop,,5406,49,265.468304307211,11.496613463474997,133,31.9,,,0.0,0
g-q5,6144,end,0,True,stop,,6268,49,268.80526096668,11.464723523415266,109,32.8,,,0.0,0
g-q5,8192,start,0,True,stop,,7929,49,267.47598307543944,11.453846892386055,69,35.6,,,0.0,0
g-q5,8192,start,1,True,stop,,1,7977,8.45830478655468,11.46935176206928,106,9.3,,,0.0,0
g-q5,8192,middle,0,True,stop,,7491,49,266.19554331590666,11.460870244715625,89,35.9,,,0.0,0
g-q5,8192,middle,1,True,stop,,1,7539,8.722654478210808,11.46904998476019,140,12.3,,,0.0,0
g-q5,8192,end,0,True,stop,,7669,49,267.60916457925237,11.441995421182655,103,37.6,,,0.0,0
g-q5,8192,end,1,True,stop,,1,7717,8.285072784364411,11.473399480266142,104,9.2,,,0.0,0
g-q5,16384,start,0,True,stop,,15645,49,259.8582919402355,11.403663030519587,355,91.3,,,0.0,0
g-q5,16384,middle,0,True,stop,,15756,49,259.4070622337892,11.40734852225184,225,80.4,,,0.0,0
g-q5,16384,end,0,True,stop,,15745,49,261.1072139885142,11.39576712370024,127,71.4,,,0.0,0
g-q5,32768,start,0,True,stop,,30935,49,249.06356206769436,11.274568347749815,168,139.1,,,0.032,0
g-q5,32768,start,1,True,stop,,1,30983,7.97785347874301,11.396830194662815,116,10.3,,,0.0,0
g-q5,32768,middle,0,True,stop,,31468,49,248.46733797433285,11.269563695840745,170,141.7,,,0.0,0
g-q5,32768,middle,1,True,stop,,1,31516,8.164798288658279,11.394670012959269,198,17.6,,,0.0,0
g-q5,32768,end,0,True,stop,,31473,49,248.55572444729992,11.271900536086616,137,138.8,,,0.0,0
g-q5,32768,end,1,True,stop,,1,31521,8.387291575804342,11.398436581037773,195,17.3,,,0.0,0
g-q5,65536,start,0,True,stop,,61859,49,228.91744323458755,11.025497832675713,150,284.0,,,0.0,0
g-q5,65536,middle,0,True,stop,,61442,49,229.41942237975525,11.050018876702651,447,308.4,,,0.0,0
g-q5,65536,end,0,True,stop,,61422,49,229.56602609988784,11.032806786500112,181,284.1,,,0.0,0
g-q5,116000,start,0,True,stop,,106040,49,202.70010610291558,10.614169626974657,155,538.0,,,0.0,0
g-q5,116000,middle,0,True,stop,,106076,49,203.18038480827948,10.617177511834958,217,542.8,,,0.0,0
g-q5,116000,end,0,True,stop,,107246,49,202.17638354374498,10.615438798568823,159,545.7,,,0.0,0
