source,config,rep,workload,error,finish,prompt_n,cache_n,ttft_s,pp_tok_s,gen_n,tg_tok_s,draft_n,draft_accepted,total_s,reasoning_chars,content_chars,rep_score,mem_avail_gib_after,swap_used_gib_after,concurrent_server_models
screen,g-a1,0,warmup,,length,69,0,1.2205381393432617,84.41843649714873,16,7.705137734473762,,,2.7749674320220947,30,0,0.0,78.0,2.88,0
screen,g-a1,0,review512,,length,513,0,2.542173385620117,239.04349053821133,1024,7.610934617116721,,,136.57589769363403,4556,0,0.0,78.0,2.88,0
screen,g-a1,0,reason512,,length,51,49,1.0832130908966064,75.99916549935924,1024,7.585154593458402,,,135.56101608276367,2458,0,0.033,78.3,2.87,0
screen,g-a1,0,review32k,,length,31695,49,115.76690793037415,274.9863751820923,384,7.489343329292738,,,166.51052236557007,1664,0,0.0,78.3,2.87,0
screen,g-a0,0,warmup,,length,69,0,10.620018720626831,86.4735340856113,16,7.6122116113631035,,,12.229223012924194,30,0,0.0,78.5,2.87,0
screen,g-a0,0,review512,,length,513,0,2.5601494312286377,237.97043228975798,1024,7.607143436362931,,,136.6929943561554,4581,0,0.0,78.4,2.87,0
screen,g-a0,0,reason512,,length,51,49,1.0499627590179443,78.94504650792005,1024,7.601927524828077,,,135.2303318977356,2697,0,0.023,78.5,2.87,0
screen,g-a0,0,review32k,,length,31694,49,116.07383370399475,274.2735558442386,384,7.472994004512517,,,166.92801308631897,1269,0,0.0,78.5,2.87,0
screen,g-b,0,warmup,,length,69,0,9.589029550552368,90.0154591766847,16,8.13471522260106,1,1,11.062958240509033,30,0,0.0,78.4,2.87,0
screen,g-b,0,review512,,length,513,0,2.5474956035614014,239.12995850885457,1024,11.929421206172934,448,411,87.91491675376892,4448,0,0.0,78.4,2.87,0
screen,g-b,0,reason512,,length,51,49,1.0584969520568848,78.00884712101465,1024,7.774185786458406,80,34,132.26422357559204,2573,0,0.0,78.4,2.87,0
screen,g-b,0,review32k,,length,31695,49,114.96011519432068,276.93874575416294,384,7.7565433683427525,96,27,163.94282341003418,1268,0,0.0,78.1,2.87,0
screen,g-c,0,warmup,,length,69,0,9.649613857269287,82.78125832311564,16,7.630488992256581,,,11.22190546989441,30,0,0.0,78.4,2.87,0
screen,g-c,0,review512,,length,513,0,2.567556381225586,236.80930619027833,1024,11.868431923631617,416,408,88.37536764144897,4511,0,0.0,78.4,2.87,0
screen,g-c,0,reason512,,length,51,49,1.0556628704071045,78.19195665405886,1024,7.737580304341043,32,19,132.87901616096497,2496,0,0.0,78.1,2.87,0
screen,g-c,0,review32k,,length,31695,49,115.89049124717712,274.61074587415004,384,7.7344288731116855,29,19,165.0622112751007,1618,0,0.0,77.5,2.87,0
screen,g-df3,0,warmup,,length,69,0,9.445972442626953,82.19364107109035,16,23.69436168969232,12,11,9.899946212768555,30,0,0.0,74.7,2.87,0
screen,g-df3,0,review512,,length,512,0,2.4380745887756348,224.42114029608686,1024,21.41574844639003,934,710,50.065539598464966,4493,0,0.0,74.7,2.87,0
screen,g-df3,0,reason512,,length,50,49,0.842231273651123,73.79365817301661,1024,18.42070392046059,1097,657,56.22476863861084,3001,0,0.007,74.9,2.87,0
screen,g-df3,0,review32k,,length,31695,49,118.08238077163696,268.9932670463312,384,16.35348323001533,445,233,141.3625054359436,1690,0,0.06,74.7,2.87,0
screen,g-df7,0,warmup,,length,69,0,8.928611278533936,76.22195391112521,16,18.77595776160542,14,12,9.225563049316406,30,0,0.0,75.2,2.87,0
screen,g-df7,0,review512,,length,513,0,2.3906404972076416,231.08399565399924,1024,29.527761897826323,1453,813,36.90135383605957,4611,0,0.0,74.9,2.87,0
screen,g-df7,0,reason512,,length,51,49,0.8127567768096924,78.83095243247588,1024,20.940358848972952,2109,721,49.513386249542236,3038,0,0.027,75.0,2.87,0
screen,g-df7,0,review32k,,length,31695,49,117.4264190196991,270.54702893524166,384,16.926866038925958,916,251,139.89227414131165,1550,0,0.0,74.5,2.87,0
screen,g-df15,0,warmup,,length,69,0,6.827741861343384,76.93319745518363,16,35.449511623894864,14,14,6.83005166053772,31,0,0.0,75.1,2.87,0
screen,g-df15,0,review512,,length,513,0,2.6395792961120605,231.17813424374555,1024,12.633719991441675,3210,806,83.24930262565613,4466,0,0.0,74.7,2.87,0
screen,g-df15,0,reason512,,length,51,49,1.0570664405822754,76.2024295127527,1024,9.917058011580623,4124,745,103.83857750892639,2544,0,0.032,74.8,2.87,0
screen,g-df15,0,review32k,,length,31695,49,117.36226987838745,271.2365813093118,384,10.70249022077421,1326,290,152.7587058544159,1222,0,0.0,74.7,2.87,0
screen,g-q4dyn,0,warmup,,length,69,0,7.580254316329956,84.96626592963563,16,11.001592297125137,,,8.702232599258423,30,0,0.0,87.3,2.87,0
screen,g-q4dyn,0,review512,,length,513,0,2.4090487957000732,241.26178502681395,1024,10.910697350021987,,,95.9069573879242,4336,0,0.0,87.4,2.87,0
screen,g-q4dyn,0,reason512,,length,51,49,0.8837733268737793,85.21474114769218,1024,10.922100875391973,,,94.28007864952087,2970,0,0.02,87.4,2.87,0
screen,g-q4dyn,0,review32k,,length,31695,49,114.68638300895691,277.30404335367655,384,10.629084444246107,,,150.4629409313202,1307,0,0.0,87.3,2.87,0
screen,g-q5,0,warmup,,length,68,0,7.453769207000732,86.71777063914823,16,11.803588290840416,,,8.474086046218872,32,0,0.0,87.8,2.87,0
screen,g-q5,0,review512,,length,513,0,2.2681028842926025,255.9329804817427,1024,11.690910563882788,,,89.52909231185913,4566,0,0.0,87.7,2.87,0
screen,g-q5,0,reason512,,length,51,49,0.853374719619751,87.42232697664453,1024,11.701367780085937,,,88.02405142784119,2844,0,0.021,87.7,2.87,0
screen,g-q5,0,review32k,,length,31695,49,108.40048098564148,293.3874767062655,384,11.355230784095882,,,141.8781111240387,1596,0,0.0,87.4,2.86,0
screen,g-q5,1,warmup,,length,69,0,1.082839012145996,84.9883479743212,16,11.616164745094881,,,2.1145358085632324,31,0,0.0,87.6,2.86,0
screen,g-q5,1,review512,,length,516,0,2.3563473224639893,247.30220137300648,1024,11.65210929432491,,,89.90148782730103,4460,0,0.005,87.6,2.86,0
screen,g-q5,1,reason512,,length,59,49,0.8611748218536377,99.45217024863042,1024,11.665741807872507,,,88.30256342887878,5103,0,0.0,88.0,2.86,0
screen,g-q5,1,review32k,,length,31083,49,105.97895550727844,294.3203919348088,384,11.341372224310193,,,139.49300813674927,1634,0,0.0,87.8,2.86,0
screen,g-q4dyn,1,warmup,,length,69,0,8.520960330963135,84.34259227568538,16,10.989977140847547,,,9.647617816925049,31,0,0.0,87.6,2.86,0
screen,g-q4dyn,1,review512,,length,516,0,2.4242241382598877,240.8815143044406,1024,10.881818304822472,,,96.16513204574585,4485,0,0.0,87.4,2.86,0
screen,g-q4dyn,1,reason512,,length,59,49,0.9141299724578857,93.91539655378247,1024,10.889544423614392,,,94.62819266319275,3792,1198,0.0,87.3,2.86,0
screen,g-q4dyn,1,review32k,,length,31083,49,112.86293840408325,276.33211316802397,384,10.616953378462869,,,148.66188526153564,1510,0,0.0,87.3,2.86,0
screen,g-df15,1,warmup,,length,69,0,7.731877565383911,78.66448230220158,16,34.527366390601195,14,14,7.740809679031372,31,0,0.0,75.2,2.86,0
screen,g-df15,1,review512,,length,516,0,2.7187118530273438,225.92596808839482,1024,13.371967470120612,2939,826,78.79984378814697,4458,0,0.0,75.0,2.86,0
screen,g-df15,1,reason512,,length,59,49,1.0960891246795654,85.01171432605882,1024,6.035306472066204,6534,586,170.22157096862793,4170,833,0.0,75.2,2.86,0
screen,g-df15,1,review32k,,length,31083,49,118.4052734375,263.6557842811684,384,8.03652485137937,1719,265,165.66404056549072,1637,0,0.0,74.9,2.86,0
screen,g-df7,1,warmup,,length,69,0,6.577272891998291,77.96460406975233,16,29.423880421349963,14,12,6.8763508796691895,30,0,0.0,75.4,2.86,0
screen,g-df7,1,review512,,length,516,0,2.404494285583496,230.67761997918538,1024,25.17228125828926,1750,772,42.8963189125061,4379,0,0.0,75.2,2.86,0
screen,g-df7,1,reason512,,length,59,49,0.8556137084960938,86.17252323371886,1024,14.087398883666593,3149,571,73.32251596450806,4014,1127,0.0,75.2,2.86,0
screen,g-df7,1,review32k,,length,31083,49,115.43256783485413,269.91041506339604,384,17.67459791558806,886,256,136.95937323570251,1572,0,0.0,74.8,2.83,0
screen,g-df3,1,warmup,,length,69,0,6.566760540008545,76.56644969140392,16,23.90095444478083,12,11,7.011544704437256,30,0,0.0,75.1,2.83,0
screen,g-df3,1,review512,,length,516,0,2.3900606632232666,231.1761669916275,1024,18.828328399838895,1078,663,56.580942153930664,4530,0,0.0,74.9,2.83,0
screen,g-df3,1,reason512,,length,59,49,0.8507750034332275,85.61991722440546,1024,14.046351201454582,1452,538,73.54926919937134,3676,1271,0.0,75.0,2.82,0
screen,g-df3,1,review32k,,length,31083,49,114.89789724349976,271.1402726837389,384,16.97768710796448,432,238,137.35177516937256,1673,0,0.0,74.6,2.82,0
screen,g-c,1,warmup,,length,69,0,5.699711561203003,81.69915293371001,16,7.730380808865819,,,7.256925106048584,30,0,0.0,78.0,2.82,0
screen,g-c,1,review512,,length,516,0,2.5475144386291504,239.96328003761283,1024,12.02185495670775,416,411,87.27512097358704,4446,0,0.01,79.2,2.82,0
screen,g-c,1,reason512,,length,59,49,1.0657715797424316,88.88688014583474,1024,7.86607248062155,32,27,130.72745394706726,4237,922,0.0,79.3,2.82,0
screen,g-c,1,review32k,,length,31083,49,112.1554012298584,278.33164877452543,384,7.771237335799894,32,15,161.07961678504944,1624,0,0.0,81.1,2.82,0
screen,g-b,1,warmup,,length,69,0,5.660934686660767,79.68431154487092,16,8.278767059779321,1,1,7.084532260894775,30,0,0.0,81.2,2.82,0
screen,g-b,1,review512,,length,516,0,2.5597565174102783,238.6276137469854,1024,11.617701179234148,416,389,90.24005675315857,4550,0,0.0,81.3,2.82,0
screen,g-b,1,reason512,,length,59,49,1.0864663124084473,86.27610400511223,1024,8.018949805254355,64,49,128.312406539917,4987,75,0.0,81.2,2.82,0
screen,g-b,1,review32k,,length,31083,49,112.25523853302002,278.1428248864657,384,8.34570935206462,80,54,157.76163506507874,1537,0,0.0,81.3,2.82,0
screen,g-a0,1,warmup,,length,69,0,5.578434705734253,87.4146914958174,16,7.525968353804805,,,7.187389373779297,30,0,0.0,81.3,2.82,0
screen,g-a0,1,review512,,length,516,0,2.6489622592926025,230.54621133492066,1024,7.641324047399156,,,136.1270294189453,4469,0,0.0,82.3,2.82,0
screen,g-a0,1,reason512,,length,58,49,1.0824642181396484,85.16711844396738,1024,7.705590347798261,,,133.45889616012573,4780,361,0.0,82.6,2.82,0
screen,g-a0,1,review32k,,length,31083,49,111.85476732254028,279.1491933488185,384,7.51859492812076,,,162.4102759361267,1529,0,0.0,81.7,2.82,0
screen,g-a1,1,warmup,,length,69,0,5.65579080581665,80.66090506211474,16,7.747225589396011,,,7.228495359420776,31,0,0.0,81.9,2.82,0
screen,g-a1,1,review512,,length,516,0,2.541945457458496,240.80372443093785,1024,7.692189929327799,,,135.15588212013245,4500,0,0.0,81.9,2.82,0
screen,g-a1,1,reason512,,length,59,49,1.0994784832000732,84.7977716870301,1024,7.654172371288413,,,134.36575388908386,5012,0,0.0,80.1,2.82,0
screen,g-a1,1,review32k,,length,31082,49,112.68191504478455,277.07848735328184,384,7.53599801632069,,,163.11548352241516,1626,0,0.0,80.7,2.82,0
screen,g-q6,0,warmup,,length,69,0,8.646880388259888,79.05446279628238,16,8.25463456457628,,,10.10351014137268,31,0,0.0,83.9,2.82,0
screen,g-q6,0,review512,,length,513,0,2.7031447887420654,220.03549734456186,1024,8.20534163409114,,,127.02182388305664,4380,0,0.0,83.8,2.81,0
screen,g-q6,0,reason512,,length,51,49,1.060896635055542,74.79563193509499,1024,8.211265671888821,,,125.28372764587402,2675,0,0.03,83.8,2.81,0
screen,g-q6,0,review32k,,length,31695,49,126.64253258705139,251.22835964328507,384,8.052817229748873,,,173.8353042602539,1653,0,0.037,83.7,2.81,0
screen,g-q6,1,warmup,,length,69,0,1.2814249992370605,76.21058863291458,16,8.203301883696868,,,2.7520503997802734,30,0,0.0,83.9,2.81,0
screen,g-q6,1,review512,,length,516,0,2.8130903244018555,211.71193718884297,1024,8.197987209024344,,,127.25167679786682,4533,0,0.005,84.6,2.81,0
screen,g-q6,1,reason512,,length,59,49,1.0732200145721436,84.9347370118232,1024,8.144488934035914,,,126.32561445236206,3215,1811,0.0,84.5,2.71,0
screen,g-q6,1,review32k,,length,31083,49,123.91723847389221,251.8036918878406,384,8.021790954264082,,,171.3014838695526,1521,0,0.0,83.9,2.71,0
screen_combo,g-combo1,0,warmup,,length,69,0,5.6186676025390625,83.89047551309969,16,20.292345051035248,14,12,5.838091135025024,31,0,0.0,86.9,0.0,0
screen_combo,g-combo1,0,review512,,length,513,0,2.219752311706543,246.47570965065313,1024,31.38375581094168,1730,775,34.69565296173096,4471,0,0.0,86.8,0.0,0
screen_combo,g-combo1,0,reason512,,length,51,49,0.7180604934692383,88.24308027178868,1024,28.70052361482169,1880,754,36.23594403266907,2822,0,0.029,86.8,0.0,0
screen_combo,g-combo1,0,review32k,,length,31695,49,112.1824746131897,283.13064978301,384,22.492900494755716,844,262,129.08180451393127,1535,0,0.0,86.5,0.0,0
screen_combo,g-df7,0,warmup,,length,69,0,5.571749687194824,78.32391365299327,16,29.26366759595069,15,12,5.897080421447754,30,0,0.0,77.2,0.0,0
screen_combo,g-df7,0,review512,,length,513,0,2.2853925228118896,242.47282579154614,1024,23.77963516693304,1835,759,45.15041518211365,4440,0,0.0,77.1,0.0,0
screen_combo,g-df7,0,reason512,,length,51,49,0.8251149654388428,78.53282210006006,1024,21.092204230597215,2086,725,49.20741128921509,3113,0,0.0,76.9,0.0,0
screen_combo,g-df7,0,review32k,,length,31695,49,117.03563618659973,271.4462143007869,384,18.72042246568004,812,264,137.33901619911194,1604,0,0.0,76.7,0.0,0
screen_combo,g-df7,1,warmup,,length,69,0,0.9873001575469971,84.74336883138895,16,32.178414290648305,14,12,1.303130865097046,32,0,0.0,76.9,0.0,0
screen_combo,g-df7,1,review512,,length,516,0,2.3575844764709473,237.0283262630601,1024,24.636507952486557,1764,770,43.72670650482178,4476,0,0.0,76.9,0.0,0
screen_combo,g-df7,1,reason512,,length,59,49,0.8218817710876465,91.20152600248254,1024,14.25549645539798,3081,581,72.42570114135742,3780,1349,0.0,76.9,0.0,0
screen_combo,g-df7,1,review32k,,length,31083,49,114.43742871284485,272.27691484633436,384,15.320648369839011,1015,237,139.27865934371948,1443,0,0.0,76.7,0.0,0
screen_combo,g-combo1,1,warmup,,length,69,0,5.478042840957642,82.95781895477957,16,38.98969892154493,14,12,5.697345495223999,31,0,0.0,86.9,0.0,0
screen_combo,g-combo1,1,review512,,length,516,0,2.2371771335601807,245.78158305250244,1024,38.446972323479066,1371,824,28.738678693771362,4506,0,0.01,86.7,0.0,0
screen_combo,g-combo1,1,reason512,,length,59,49,0.7148232460021973,101.97890937877558,1024,17.501365465771897,3117,576,59.082181453704834,3947,1105,0.0,86.6,0.0,0
screen_combo,g-combo1,1,review32k,,length,31082,49,109.53663516044617,284.37795739077285,384,24.433372235344795,774,272,125.08253908157349,1749,0,0.023,86.4,0.0,0
